City_ID,City,Lat,Lng,Max Temp,Humidity,Cloudiness,Wind Speed,Country,Date
0,cockburn town,21.4612,-71.1419,81.99,72,4,18.25,TC,1698497830
1,sinop,41.7711,34.8709,71.29,46,100,1.9,TR,1698497831
2,hobyo,5.3505,48.5268,83.07,69,100,12.86,SO,1698497832
3,lebu,-37.6167,-73.65,53.55,95,100,24.87,CL,1698497832
4,olonkinbyen,70.9221,-8.7187,30.51,79,87,5.86,SJ,1698497833
5,ellensburg,46.9965,-120.5479,29.1,57,6,2.71,US,1698497834
6,blackmans bay,-43.0167,147.3167,50.74,68,0,1.01,AU,1698497835
7,yellowknife,62.456,-114.3525,24.42,100,100,6.91,CA,1698497836
8,port-aux-francais,-49.35,70.2167,41.59,97,100,18.5,TF,1698497837
9,harstad,68.799,16.5293,34.16,89,90,7.0,NO,1698497837
10,vila velha,-20.3297,-40.2925,82.35,74,40,12.66,BR,1698497838
11,leninskoye,41.7589,69.3864,67.8,37,100,3.09,KZ,1698497839
12,waitangi,-43.9535,-176.5597,49.82,80,22,11.01,NZ,1698497841
13,carnarvon,-24.8667,113.6333,69.73,71,5,23.13,AU,1698497841
14,edinburgh of the seven seas,-37.0676,-12.3116,58.57,93,100,11.05,SH,1698497842
15,puerto natales,-51.7236,-72.4875,37.85,81,100,3.44,CL,1698497843
16,gadzhiyevo,69.2551,33.3362,26.31,87,100,5.68,RU,1698497844
17,toliara,-23.35,43.6667,81.54,62,2,12.46,MG,1698497845
18,borgarnes,64.5383,-21.9206,44.65,74,100,5.61,IS,1698497846
19,petropavlovsk-kamchatsky,53.0452,158.6483,37.45,59,0,6.71,RU,1698497846
20,iqaluit,63.7506,-68.5145,13.73,78,40,5.75,CA,1698497847
21,luderitz,-26.6481,15.1594,73.67,42,0,38.83,NA,1698497848
22,sitka,57.0531,-135.33,40.59,85,55,4.47,US,1698497850
23,callao,-12.0667,-77.15,69.71,77,100,9.22,PE,1698497686
24,enewetak,11.3474,162.3373,82.92,75,29,9.06,MH,1698497851
25,longyearbyen,78.2186,15.6401,26.44,86,75,6.91,SJ,1698497852
26,huilong,31.8111,121.655,64.92,64,100,7.81,CN,1698497854
27,college,64.8569,-147.8028,15.46,86,100,2.15,US,1698497855
28,conceicao da barra,-18.5933,-39.7322,83.7,64,98,7.85,BR,1698497857
29,mata-utu,-13.2816,-176.1745,80.74,82,28,13.94,WF,1698497858
30,atafu village,-8.5421,-172.5159,82.44,76,91,4.65,TK,1698497859
31,thompson,55.7435,-97.8558,14.16,92,100,2.3,CA,1698497860
32,chonchi,-42.6128,-73.8092,44.11,96,100,10.47,CL,1698497861
33,puerto baquerizo moreno,-0.9,-89.6,73.89,76,100,12.53,EC,1698497864
34,constantia,44.1833,28.65,75.88,34,17,14.47,RO,1698497779
35,isafjordur,66.0755,-23.124,35.64,80,0,0.0,IS,1698497865
36,bethel,41.3712,-73.414,66.65,87,0,6.49,US,1698497866
37,whitehorse,60.7161,-135.0538,14.81,92,75,9.22,CA,1698497867
38,punta arenas,-53.15,-70.9167,37.51,75,0,4.61,CL,1698497869
39,kurchatov,51.6601,35.6521,52.41,92,100,23.76,RU,1698497819
40,grytviken,-54.2811,-36.5092,30.4,78,100,5.03,GS,1698497871
41,ribeira grande,38.5167,-28.7,68.4,64,40,17.27,PT,1698497872
42,tura,25.5198,90.2201,67.73,82,0,3.49,IN,1698497874
43,qiziltepa,40.0331,64.85,78.35,30,100,4.63,UZ,1698497875
44,vrangel',42.7297,133.0839,43.72,51,0,8.88,RU,1698497876
45,tiksi,71.6872,128.8694,0.75,97,100,3.58,RU,1698497876
46,cururupu,-1.8283,-44.8683,90.01,54,9,9.57,BR,1698497877
47,dalton,34.7698,-84.9702,65.98,99,0,0.0,US,1698497878
48,acarau,-2.8856,-40.12,88.48,56,5,21.14,BR,1698497880
49,talnakh,69.4865,88.3972,1.2,92,80,1.68,RU,1698497880
50,susuman,62.7833,148.1667,0.99,99,94,1.01,RU,1698497881
51,rongelap,11.1635,166.8941,83.25,74,92,11.36,MH,1698497882
52,bilibino,68.0546,166.4372,-5.6,96,71,1.63,RU,1698497883
53,anadyr,64.75,177.4833,36.1,93,100,13.42,RU,1698497589
54,georgetown,5.4112,100.3354,80.53,94,40,5.01,MY,1698497867
55,wailua homesteads,22.0669,-159.378,70.23,75,74,3.69,US,1698497886
56,porbandar,21.6422,69.6093,84.88,56,100,12.1,IN,1698497887
57,mount gambier,-37.8333,140.7667,42.39,88,69,2.46,AU,1698497688
58,west island,-12.1568,96.8225,78.78,78,100,21.85,CC,1698497893
59,vorgashor,67.5833,63.95,11.84,97,100,4.18,RU,1698497894
60,chos malal,-37.3781,-70.2709,50.29,48,60,32.66,AR,1698497895
61,pudasjarvi,65.3833,26.9167,24.1,82,17,3.0,FI,1698497896
62,nova sintra,14.8667,-24.7167,75.67,77,69,16.08,CV,1698497897
63,ancud,-41.8697,-73.8203,44.33,91,100,27.4,CL,1698497898
64,sakaiminato,35.55,133.2333,60.78,55,75,8.05,JP,1698497603
65,keflavik,64.0049,-22.5624,44.51,65,0,5.75,IS,1698497900
66,puerto lempira,15.2667,-83.7667,66.34,100,75,0.0,HN,1698497902
67,misratah,32.3754,15.0925,80.6,51,11,7.56,LY,1698497903
68,madang,-5.2246,145.7966,77.41,92,100,2.64,PG,1698497904
69,papatowai,-46.5619,169.4708,41.0,90,33,7.09,NZ,1698497905
70,ushuaia,-54.8,-68.3,40.62,45,40,5.75,AR,1698497778
71,nyurba,63.2842,118.3319,17.78,94,100,4.29,RU,1698497907
72,jamestown,42.097,-79.2353,62.53,98,100,4.0,US,1698497908
73,lazaro cardenas,17.9583,-102.2,76.73,85,89,5.08,MX,1698497908
74,ust-nera,64.5667,143.2,0.84,99,99,3.56,RU,1698497910
75,key biscayne,25.6937,-80.1628,81.01,75,23,5.01,US,1698497911
76,wanning,18.8003,110.3967,77.94,89,99,4.63,CN,1698497911
77,fale old settlement,-9.3852,-171.2468,82.13,77,21,6.42,TK,1698497913
78,taoudenni,22.6783,-3.9836,102.38,9,0,10.56,ML,1698497914
79,badger,64.8,-147.5333,14.36,89,100,1.92,US,1698497915
80,nago,26.5881,127.9761,71.22,64,7,7.31,JP,1698497795
81,saint-philippe,-21.3585,55.7679,80.19,85,51,8.77,RE,1698497916
82,clinton,42.587,-82.9199,53.89,81,100,9.22,US,1698497917
83,bubaque,11.2833,-15.8333,81.9,77,69,7.27,GW,1698497918
84,pisco,-13.7,-76.2167,68.05,83,100,3.44,PE,1698497919
85,san patricio,28.017,-97.5169,79.84,88,3,7.67,US,1698497920
86,utrik,11.2278,169.8474,82.92,77,47,16.31,MH,1698497921
87,labrador city,52.9463,-66.9114,37.31,100,75,14.97,CA,1698497732
88,hawaiian paradise park,19.5933,-154.9731,70.03,91,14,3.11,US,1698497923
89,eforie sud,44.0229,28.6494,76.01,37,22,12.53,RO,1698497924
90,goulburn,-34.75,149.7167,42.33,68,96,4.29,AU,1698497925
91,yuzhno-kurilsk,44.0306,145.8556,52.38,87,100,1.61,RU,1698497926
92,ocean shores,46.9737,-124.1563,38.01,85,0,1.01,US,1698497927
93,bredasdorp,-34.5322,20.0403,60.31,57,94,16.11,ZA,1698497928
94,adamstown,-25.066,-130.1015,72.54,79,99,7.52,PN,1698497812
95,portland,45.5234,-122.6762,39.47,77,0,8.01,US,1698497929
96,behbahan,30.5959,50.2417,86.18,23,80,12.8,IR,1698497930
97,wotho,10.1657,166.0102,83.19,76,12,12.19,MH,1698497931
98,rurrenabaque,-14.4413,-67.5278,87.96,54,100,6.17,BO,1698497932
99,andergrove,-21.0833,149.1833,67.64,68,7,14.76,AU,1698497932
100,sayalkudi,9.1833,78.45,83.21,70,93,10.49,IN,1698497933
101,uturoa,-16.7333,-151.4333,77.88,81,100,4.83,PF,1698497934
102,avarua,-21.2078,-159.775,71.65,64,100,8.05,CK,1698497935
103,chibougamau,49.9168,-74.3659,31.62,93,100,12.66,CA,1698497935
104,tual,-5.6667,132.75,81.75,79,67,10.07,ID,1698497937
105,calvi,42.5,8.8333,68.63,35,0,18.41,FR,1698497938
106,bac lieu,9.285,105.7244,81.19,81,93,6.8,VN,1698497939
107,san juan del cesar,10.7711,-73.0031,74.35,94,99,1.41,CO,1698497940
108,richards bay,-28.783,32.0377,68.27,86,100,10.38,ZA,1698497735
109,linxi,39.7,118.4333,55.26,69,0,5.79,CN,1698497943
110,kiffa,16.6166,-11.4045,100.62,8,1,3.36,MR,1698497944
111,kupjansk,49.7209,37.5998,57.51,60,36,28.7,UA,1698497945
112,dapa,9.7594,126.0531,81.72,78,1,3.69,PH,1698497945
113,codrington,-38.2667,141.9667,45.43,82,100,4.36,AU,1698497946
114,east london,-33.0153,27.9116,63.54,77,75,14.97,ZA,1698497716
115,sangueya,10.7,-14.3667,86.41,69,100,4.52,GN,1698497950
116,hithadhoo,-0.6,73.0833,80.76,83,22,16.02,MV,1698497951
117,hadibu,12.65,54.0333,81.9,68,87,10.89,YE,1698497953
118,bar-sur-aube,48.25,4.5833,56.71,81,100,16.6,FR,1698497953
119,puerto ayora,-0.7393,-90.3518,74.55,91,100,8.99,EC,1698497954
120,kodiak,57.79,-152.4072,45.91,93,100,16.11,US,1698497955
121,san isidro de curuguaty,-24.5167,-55.7,85.69,60,22,8.28,PY,1698497956
122,beau vallon,-20.4189,57.6953,79.03,78,40,3.44,MU,1698497956
123,zaozersk,69.4005,32.4476,24.03,94,100,3.02,RU,1698497957
124,qaqortoq,60.7167,-46.0333,32.65,73,28,1.81,GL,1698497958
125,port elizabeth,-33.918,25.5701,63.1,82,75,14.97,ZA,1698497959
126,malax,62.9423,21.5731,30.15,59,0,3.44,FI,1698497960
127,hola,51.5377,23.1902,46.58,83,100,6.15,PL,1698497960
128,hami,42.8,93.45,56.52,30,100,3.11,CN,1698497961
129,daru,-9.0763,143.2092,77.68,90,97,15.5,PG,1698497962
130,rio grande,-32.035,-52.0986,73.51,83,52,7.23,BR,1698497966
131,port alfred,-33.5906,26.891,63.18,81,32,10.0,ZA,1698497966
132,guelendeng,10.9176,15.5501,99.63,19,10,7.74,TD,1698497969
133,tazovsky,67.4667,78.7,8.76,90,99,13.0,RU,1698497970
134,masterton,-40.9597,175.6575,36.16,86,11,1.19,NZ,1698497971
135,stanley,54.868,-1.6985,50.72,91,75,5.75,GB,1698497972
136,morondava,-20.2833,44.2833,83.07,62,0,17.45,MG,1698497973
137,kuta,-8.7233,115.1723,82.35,83,20,2.3,ID,1698497974
138,st. john's,47.5649,-52.7093,49.68,97,100,19.57,CA,1698497690
139,dudhi,24.2167,83.25,73.38,45,69,2.24,IN,1698497976
140,selebi-phikwe,-21.979,27.8498,99.09,10,30,5.44,BW,1698497978
141,benguela,-12.5763,13.4055,79.59,74,55,8.16,AO,1698497870
142,albany,42.6001,-73.9662,66.24,88,13,1.01,US,1698497980
143,uusikaupunki,60.8004,21.4084,33.76,69,78,8.21,FI,1698497980
144,suntar,62.1444,117.6319,22.86,90,100,3.89,RU,1698497981
145,saint-jean-de-monts,46.7833,-2.0667,61.27,87,100,40.47,FR,1698497982
146,ivatsevichy,52.709,25.3401,42.64,86,100,9.55,BY,1698497983
147,george town,5.4112,100.3354,80.53,94,40,5.01,MY,1698497726
148,kabalo,-6.05,26.9167,85.95,53,99,3.6,CD,1698497984
149,lagos,6.5833,3.75,88.12,60,13,7.34,NG,1698497985
150,khanty-mansiysk,61.0042,69.0019,14.11,73,0,0.0,RU,1698497986
151,port mathurin,-19.6833,63.4167,77.09,75,14,7.02,MU,1698497987
152,villa gesell,-37.2639,-56.973,69.03,61,3,5.95,AR,1698497987
153,badiyah,22.45,58.8,87.85,35,93,10.22,OM,1698497989
154,udachny,66.4167,112.4,2.48,98,73,7.78,RU,1698497990
155,norderney,53.7,7.15,54.18,88,100,16.15,DE,1698497994
156,ghanzi,-21.5667,21.7833,94.59,15,94,3.24,BW,1698497995
157,vilyuchinsk,52.9306,158.4028,38.93,75,100,4.18,RU,1698497997
158,manokwari,-0.8667,134.0833,79.61,81,100,4.5,ID,1698497998
159,suva,-18.1416,178.4415,76.48,83,75,0.0,FJ,1698497958
160,ola,59.5833,151.2833,16.14,70,89,6.8,RU,1698497999
161,bagaha,27.1,84.0833,75.34,53,100,4.52,IN,1698498000
162,nemuro,43.3236,145.575,52.59,78,33,2.06,JP,1698498003
163,las palmas,28.4204,-14.0131,75.99,61,20,12.66,ES,1698498008
164,isangel,-19.55,169.2667,74.32,90,75,8.57,VU,1698498011
165,port lincoln,-34.7333,135.8667,51.73,74,11,7.92,AU,1698498013
166,thohoyandou,-22.9456,30.485,97.16,14,10,8.66,ZA,1698498015
167,tursunzoda,38.5144,68.2333,72.43,28,100,3.36,TJ,1698498017
168,fort st. john,56.2499,-120.8529,13.42,89,91,3.62,CA,1698498021
169,posto fiscal rolim de moura,-13.0833,-62.2667,87.49,53,100,5.01,BR,1698498022
170,palmas,-10.2128,-48.3603,99.21,30,8,5.03,BR,1698498025
171,upington,-28.4478,21.2561,83.32,13,26,16.4,ZA,1698498026
172,prince rupert,54.3161,-130.3201,36.97,59,8,4.21,CA,1698498029
173,grand falls-windsor,48.9332,-55.6649,46.51,95,100,1.01,CA,1698498032
174,kismayo,-0.3582,42.5454,83.84,68,12,12.95,SO,1698498033
175,praia da vitoria,38.7333,-27.0667,67.75,74,100,19.48,PT,1698498037
176,brookings,44.3114,-96.7984,22.05,93,100,6.93,US,1698498038
177,ilulissat,69.2167,-51.1,24.82,86,100,10.36,GL,1698498040
178,chiredzi,-21.05,31.6667,101.35,15,0,8.9,ZW,1698498042
179,yarmouth,41.7057,-70.2286,65.97,93,0,5.01,US,1698498044
180,kalmunai,7.4167,81.8167,81.03,75,90,5.48,LK,1698498046
181,clear lake,43.138,-93.3794,29.93,83,100,12.66,US,1698498047
182,bozeman,45.6796,-111.0386,10.89,89,100,0.0,US,1698498048
183,taltal,-25.4,-70.4833,63.28,66,9,5.77,CL,1698498049
184,valley city,46.9233,-98.0032,16.32,100,0,10.36,US,1698498050
185,lexington,37.9887,-84.4777,64.4,92,100,5.75,US,1698497938
186,la ligua,-32.4524,-71.2311,57.67,71,100,2.8,CL,1698498054
187,saudarkrokur,65.7461,-19.6394,35.26,81,92,5.82,IS,1698498055
188,tozkhurmato,34.8905,44.6299,86.59,25,25,7.92,IQ,1698498056
189,cidreira,-30.1811,-50.2056,69.87,87,100,10.42,BR,1698498057
190,pontiac,42.6389,-83.2911,51.82,86,100,10.36,US,1698498058
191,new norfolk,-42.7826,147.0587,51.93,91,3,6.46,AU,1698498060
192,coyhaique,-45.5752,-72.0662,38.61,100,100,4.18,CL,1698498062
193,sabzevar,36.2126,57.6819,75.56,24,100,7.31,IR,1698498063
194,prince albert,53.2001,-105.7677,16.68,81,19,7.2,CA,1698498071
195,chinde,26.8418,88.0763,58.26,79,18,4.12,NP,1698498073
196,margaret river,-33.95,115.0667,57.92,69,100,10.98,AU,1698498075
197,khao yoi,13.2403,99.8243,80.85,82,42,3.91,TH,1698498076
198,bor,56.3567,44.0669,32.0,95,100,11.77,RU,1698498077
199,serov,59.6033,60.5787,22.48,76,20,4.68,RU,1698498078
200,nantucket,41.2835,-70.0995,65.01,88,0,13.85,US,1698498079
201,sao joao da barra,-21.6403,-41.0511,76.35,86,100,5.01,BR,1698498080
202,ormara,25.2088,64.6357,82.56,69,0,11.3,PK,1698498082
203,cuero,29.0939,-97.2892,76.44,96,29,6.11,US,1698498083
204,burang,30.25,81.1667,37.51,75,100,4.41,CN,1698498084
205,hermanus,-34.4187,19.2345,59.77,61,96,18.03,ZA,1698498085
206,puerto ayacucho,5.6639,-67.6236,82.67,74,99,3.6,VE,1698498086
207,kokkola,63.8385,23.1307,30.92,65,0,0.0,FI,1698498088
208,bardai,11.65,7.2333,91.9,16,7,6.4,NG,1698498089
209,tres palos,18.1833,-101.6167,71.74,96,100,2.48,MX,1698498090
210,sitangkai,4.6628,119.3928,83.55,67,9,1.16,PH,1698498091
211,arraial do cabo,-22.9661,-42.0278,78.66,78,75,13.8,BR,1698498092
212,invercargill,-46.4,168.35,46.02,90,47,1.99,NZ,1698498044
213,rio san juan,19.6439,-70.0763,80.1,74,74,1.81,DO,1698498096
214,saint-pol-de-leon,48.6833,-3.9833,59.76,94,75,10.36,FR,1698498097
215,den helder,52.9599,4.7593,55.38,87,75,20.0,NL,1698497923
216,malvan,16.0667,73.4667,82.15,67,4,9.71,IN,1698498100
217,nanakuli,21.3906,-158.1547,74.43,72,13,6.55,US,1698498102
218,touros,-5.1989,-35.4608,84.52,56,19,19.17,BR,1698498103
219,coquimbo,-29.9533,-71.3436,58.51,73,9,2.86,CL,1698498106
220,kavieng,-2.5744,150.7967,81.66,81,3,13.94,PG,1698498107
221,west bay,19.3667,-81.4167,82.99,78,1,4.0,KY,1698498109
222,lompoc,34.6391,-120.4579,53.92,79,0,21.0,US,1698498110
223,ko pha ngan,9.7578,100.0291,79.57,70,66,4.34,TH,1698498113
224,egilsstadir,65.2653,-14.3948,37.58,91,96,4.41,IS,1698498114
225,thinadhoo,0.5333,72.9333,81.41,82,8,15.05,MV,1698498116
226,somerset east,-32.7217,25.588,54.68,59,100,15.57,ZA,1698498118
227,akobo,7.4344,3.9497,88.72,54,39,4.14,NG,1698498120
228,hasaki,35.7333,140.8333,59.4,66,6,9.53,JP,1698498121
229,flying fish cove,-10.4217,105.6791,78.48,83,75,10.36,CX,1698498123
230,pego,38.8527,-0.09,78.57,43,0,7.87,ES,1698498125
231,kingston,17.997,-76.7936,81.21,89,0,4.0,JM,1698498126
232,alexandria,31.2156,29.9553,82.94,56,0,11.56,EG,1698497860
233,huinan,42.6225,126.2614,40.5,47,19,4.05,CN,1698498128
234,puerto san jose,13.9256,-90.8244,76.53,81,47,5.28,GT,1698498130
235,ulety,51.3572,112.4849,34.97,58,96,13.98,RU,1698498132
236,taber,49.8167,-112.1518,16.16,76,90,13.11,CA,1698498133
237,jayapura,-2.5333,140.7,83.59,88,25,3.06,ID,1698497978
238,padang,-0.9492,100.3543,78.08,90,43,4.63,ID,1698498116
239,progreso,21.2833,-89.6667,77.11,84,94,8.63,MX,1698498135
240,lihue,21.9789,-159.3672,70.84,75,69,4.83,US,1698498136
241,quellon,-43.1167,-73.6167,43.52,89,100,16.49,CL,1698498137
242,sisimiut,66.9395,-53.6735,23.7,77,74,12.44,GL,1698498139
243,tabuk,17.4189,121.4443,74.68,88,38,3.8,PH,1698497946
244,port isabel,26.0734,-97.2086,79.02,84,0,1.99,US,1698498141
245,fort stockton,30.894,-102.8793,67.75,85,100,3.44,US,1698498142
246,kapit,2.0167,112.9333,74.77,98,86,1.39,MY,1698498144
247,geraldton,-28.7667,114.6,64.81,77,0,19.57,AU,1698498104
248,belo sur tsiribihina,-19.7,44.55,86.76,51,0,15.26,MG,1698498145
249,queenstown,-31.8976,26.8753,50.85,75,100,11.27,ZA,1698498020
250,naze,28.3667,129.4833,67.12,62,6,11.23,JP,1698497960
251,aasiaat,68.7098,-52.8699,21.7,90,100,9.44,GL,1698498150
252,dudinka,69.4058,86.1778,8.67,99,97,3.0,RU,1698498151
253,mikun',62.3547,50.0771,24.13,82,100,8.46,RU,1698498152
254,chatillon-sur-seine,47.8585,4.5738,56.86,81,100,17.47,FR,1698498153
255,oblivskaya,48.5362,42.5014,67.03,67,10,22.59,RU,1698498154
256,fort bragg,35.139,-79.006,66.81,89,0,1.99,US,1698498159
257,malango,-2.9627,119.9001,66.49,66,100,2.59,ID,1698498161
258,lashio,22.9333,97.75,65.8,95,4,1.21,MM,1698498162
259,barra de santo antonio,-9.4047,-35.5072,87.08,60,100,13.2,BR,1698498164
260,nowy dwor gdanski,54.2131,19.1177,49.14,71,100,3.76,PL,1698498165
261,la'ie,21.6477,-157.9253,73.42,83,6,6.53,US,1698498166
262,oswego,43.4501,-76.1497,68.14,94,99,1.01,US,1698498167
263,princeton,25.5384,-80.4089,82.42,77,100,9.22,US,1698498168
264,ha'il,27.5219,41.6907,83.71,26,87,2.06,SA,1698498169
265,san antonio de pale,-1.4014,5.6325,79.59,79,8,13.29,GQ,1698498170
266,dunedin,-45.8742,170.5036,47.8,68,48,3.0,NZ,1698498171
267,panji,-7.7253,114.0995,79.38,68,42,5.08,ID,1698498172
268,las vegas,36.175,-115.1372,60.42,35,0,13.0,US,1698498173
269,altai,46.3722,96.2583,31.59,49,51,1.9,MN,1698498175
270,polyarnyy,69.1989,33.4478,26.69,86,100,5.53,RU,1698498176
271,aioun,16.6614,-9.6149,100.89,13,21,9.89,MR,1698498177
272,doka,13.5167,35.7667,86.94,47,45,7.96,SD,1698498178
273,canillo,42.5833,1.6667,55.09,67,21,7.45,AD,1698498179
274,tadpatri,14.9167,78.0167,84.4,56,93,7.83,IN,1698498180
275,pingliang,35.5392,106.6861,55.85,66,0,4.23,CN,1698498135
276,gebeit,21.0667,36.3167,79.95,60,37,9.46,SD,1698498183
277,presidente venceslau,-21.8761,-51.8439,84.24,57,100,12.8,BR,1698498184
278,ganjam,19.3833,85.0667,78.03,61,0,2.37,IN,1698498185
279,vadso,70.0744,29.7487,30.36,74,75,8.05,NO,1698498187
280,chernyshevskiy,63.0128,112.4714,17.74,82,41,10.42,RU,1698498188
281,iskateley,67.6803,53.1512,10.02,90,61,8.01,RU,1698498191
282,homer,59.6425,-151.5483,40.8,78,100,8.99,US,1698498194
283,colonia,50.9333,6.95,60.96,67,75,14.97,DE,1698498181
284,tolanaro,-25.0319,46.9987,78.22,73,2,19.93,MG,1698498195
285,urzhar,47.093,81.6294,41.22,73,100,7.38,KZ,1698498068
286,ilam,26.9167,87.9167,61.56,86,28,2.93,NP,1698498197
287,vyborg,60.7076,28.7528,32.61,81,91,8.59,RU,1698498198
288,brisas de zicatela,15.8369,-97.0419,73.92,73,40,9.22,MX,1698498202
289,cambria,35.5641,-121.0808,57.61,53,0,4.9,US,1698498204
290,baiti,13.745,-14.7482,95.59,39,72,8.9,SN,1698498206
291,road town,18.4167,-64.6167,80.44,83,100,29.1,VG,1698498207
292,harper,4.375,-7.7169,81.91,75,97,8.97,LR,1698498209
293,afif,23.9065,42.9172,85.37,17,69,12.08,SA,1698498210
294,bengkulu,-3.8004,102.2655,76.14,92,83,5.35,ID,1698498211
295,siwa oasis,29.2041,25.5195,87.96,25,7,4.88,EG,1698498212
296,broken hill,-31.95,141.4333,67.71,15,0,6.78,AU,1698498113
297,paka,4.6374,103.4368,80.98,79,71,3.56,MY,1698498214
298,papao,-17.75,-149.55,74.88,78,100,1.54,PF,1698498216
299,akureyri,65.6835,-18.0878,35.1,87,95,3.74,IS,1698498217
300,cova figueira,14.8905,-24.2934,76.96,77,97,17.27,CV,1698498218
301,fraserburgh,57.6874,-2.0184,49.12,84,89,29.95,GB,1698498219
302,houghton,47.1219,-88.569,38.82,78,20,10.36,US,1698498221
303,fang,19.9169,99.2145,71.96,96,100,0.43,TH,1698498222
304,cold lake,54.4502,-110.2017,22.21,66,100,8.03,CA,1698498223
305,lucapa,-8.4192,20.7447,83.62,50,51,2.98,AO,1698498224
306,bayanhongor,46.7167,100.1167,29.82,53,26,3.31,MN,1698498225
307,salahonda,2.1019,-78.7217,75.07,94,100,8.52,CO,1698498226
308,cabedelo,-6.9811,-34.8339,82.74,61,37,17.47,BR,1698498228
309,gering,41.8258,-103.6605,25.81,90,100,11.01,US,1698498229
310,utran,21.2333,72.8667,84.09,58,32,5.75,IN,1698498230
311,kerouane,9.2667,-9.0167,88.45,47,55,4.61,GN,1698498232
312,turiacu,-1.6633,-45.3717,90.93,49,10,9.28,BR,1698498234
313,novaya igirma,57.1334,103.9112,24.01,51,40,9.71,RU,1698498236
314,zag,46.9441,99.165,31.82,49,14,5.19,MN,1698498237
315,itaituba,-4.2761,-55.9836,95.11,33,8,6.24,BR,1698498239
316,berdigestyakh,62.0989,126.6992,29.08,98,100,6.53,RU,1698498240
317,al muwayh,22.4333,41.7583,84.43,29,100,10.69,SA,1698498242
318,tralee,52.2704,-9.7026,55.65,82,75,6.91,IE,1698498244
319,hillsboro,45.5229,-122.9898,38.91,79,0,4.61,US,1698498245
320,hilo,19.7297,-155.09,70.25,92,3,3.0,US,1698498161
321,tofol,5.3248,163.0078,83.26,74,27,10.45,FM,1698498248
322,libertad,8.9442,125.5019,75.54,92,8,2.19,PH,1698498251
323,dunbar,38.3606,-81.7374,68.22,94,75,4.61,US,1698498252
324,bhadrachalam,17.6667,80.8833,76.96,82,71,3.69,IN,1698498254
325,chemin grenier,-20.4872,57.4656,77.54,73,40,7.58,MU,1698498255
326,robore,-18.3333,-59.75,93.65,38,89,16.13,BO,1698498256
327,vakarai,55.6035,23.8213,34.32,78,100,9.22,LT,1698498257
328,mokhsogollokh,61.4681,128.9203,26.22,73,100,6.8,RU,1698498259
329,bodo,67.28,14.405,33.94,95,75,6.91,NO,1698498260
330,ataq,14.5377,46.8319,79.93,44,69,2.46,YE,1698498261
331,hamilton,39.1834,-84.5333,66.83,94,100,18.41,US,1698497981
332,bani walid,31.7566,13.9942,88.05,16,0,3.36,LY,1698498265
333,minas de marcona,-15.2119,-75.1103,58.5,85,96,9.62,PE,1698498266
334,shenjiamen,29.9576,122.298,67.06,61,7,7.9,CN,1698498267
335,pogranichnyy,44.4064,131.3769,36.37,48,7,2.91,RU,1698498268
336,yarkovo,57.4028,67.0786,20.16,92,16,3.6,RU,1698498268
337,nar'yan-mar,67.6713,53.087,10.11,90,59,8.01,RU,1698498270
338,arno,60.1167,18.6333,35.78,63,97,8.59,SE,1698498271
339,yueyang,29.3333,113.0919,67.95,66,97,2.33,CN,1698497989
340,burutu,5.3509,5.5076,86.72,65,52,7.61,NG,1698498272
341,mount pearl,47.5166,-52.7813,48.85,97,100,19.57,CA,1698498273
342,dellys,36.9172,3.9131,72.01,63,3,9.8,DZ,1698498275
343,lobva,59.1854,60.5185,23.09,76,55,4.97,RU,1698498276
344,nemyriv,48.9708,28.8378,58.41,62,74,17.43,UA,1698498277
345,prado,-17.3411,-39.2208,80.42,73,88,5.91,BR,1698498278
346,chiang mai,18.75,99.0,78.87,83,40,3.44,TH,1698498071
347,oranjemund,-28.55,16.4333,63.63,62,0,29.71,NA,1698498069
348,sinan,34.8262,126.1086,63.97,69,37,3.83,KR,1698498283
349,khandyga,62.6667,135.6,5.38,95,96,3.47,RU,1698498284
350,pyt-yakh,60.7499,72.8582,18.66,92,12,1.92,RU,1698498285
351,crane,31.3974,-102.3501,67.69,91,80,12.86,US,1698498286
352,tazacorte,28.629,-17.9293,76.17,80,20,4.61,ES,1698498288
353,tashtagol,52.7657,87.8894,26.53,55,10,1.99,RU,1698498289
354,buala,-8.145,159.5921,79.45,84,84,2.37,SB,1698498290
355,itoman,26.1247,127.6694,73.42,60,20,8.05,JP,1698498072
356,linxia chengguanzhen,35.6003,103.2064,53.71,39,4,1.19,CN,1698498292
357,kangding,30.0513,101.9603,46.53,98,100,1.45,CN,1698498293
358,hammerfest,70.6634,23.6821,32.45,80,100,0.0,NO,1698498294
359,alofi,-19.0595,-169.9187,74.86,66,99,19.06,NU,1698498295
360,la passe,45.5549,-0.8967,64.63,74,100,24.34,FR,1698498296
361,saurimo,-9.6608,20.3916,84.52,42,73,3.83,AO,1698498297
362,rabo de peixe,37.8,-25.5833,65.98,99,75,14.97,PT,1698498298
363,pimentel,-6.8367,-79.9342,71.89,73,75,4.61,PE,1698498299
364,watseka,40.7762,-87.7364,45.21,77,0,9.13,US,1698498300
365,saint-joseph,-21.3667,55.6167,79.18,82,37,9.69,RE,1698498302
366,fort mcmurray,56.7268,-111.381,18.91,93,100,3.44,CA,1698498303
367,mil'kovo,55.6078,37.7956,33.35,98,100,10.96,RU,1698498305
368,kathmandu,27.7167,85.3167,66.42,68,20,6.91,NP,1698498241
369,ust'-ordynskiy,52.805,104.7508,24.33,52,7,4.29,RU,1698498307
370,pacific grove,36.6177,-121.9166,52.43,84,38,3.91,US,1698498309
371,hotan,37.0997,79.9269,64.9,17,100,5.44,CN,1698498310
372,barvinkove,48.9097,37.0205,59.94,55,0,26.51,UA,1698498311
373,mweka,-4.85,21.5667,85.42,59,40,0.67,CD,1698498312
374,lerwick,60.1545,-1.1494,48.2,71,26,20.85,GB,1698498313
375,alice springs,-23.7,133.8833,63.95,10,100,0.0,AU,1698498315
376,odienne,9.51,-7.5692,89.71,45,8,6.44,CI,1698498316
377,aras-asan,8.8908,126.3033,80.38,83,26,4.09,PH,1698498317
378,severobaykal'sk,55.65,109.3167,21.51,51,5,8.37,RU,1698498318
379,guiratinga,-16.3494,-53.7583,91.72,40,86,8.79,BR,1698498320
380,santana,-0.0583,-51.1817,89.78,62,40,10.36,BR,1698498322
381,sao jose da coroa grande,-8.8978,-35.1478,83.07,60,98,12.75,BR,1698498323
382,honiara,-9.4333,159.95,78.15,89,100,4.59,SB,1698498270
383,storozhevaya,43.8789,41.4514,67.24,44,100,6.2,RU,1698498325
384,afaahiti,-17.75,-149.2833,73.27,83,100,6.17,PF,1698498327
385,lata,40.1629,-8.3327,67.08,79,98,12.66,PT,1698498327
386,kodinsk,58.6881,99.1844,26.44,60,100,12.73,RU,1698498329
387,kerikeri,-35.2268,173.9474,55.9,86,100,3.0,NZ,1698498060
388,benghazi,32.1167,20.0667,78.39,59,0,8.08,LY,1698498331
389,tsiombe,-25.3,45.4833,85.33,49,0,16.15,MG,1698498333
390,morehead city,34.7229,-76.726,70.0,84,0,9.22,US,1698498334
391,uribia,11.7139,-72.266,79.54,78,91,7.87,CO,1698498335
392,kourou,5.1552,-52.6478,89.65,63,24,9.13,GF,1698498336
393,fortuna,40.5982,-124.1573,40.35,93,100,4.61,US,1698498337
394,aketi,2.7388,23.7833,88.38,44,94,3.13,CD,1698498338
395,tonekabon,36.8163,50.8738,78.75,58,0,3.02,IR,1698498341
396,sragen,-7.4264,111.0222,81.46,67,94,10.92,ID,1698498342
397,kasongo-lunda,-6.4667,16.8167,82.6,74,91,4.41,CD,1698498344
398,pokaran,26.9167,71.9167,89.28,21,100,5.46,IN,1698498345
399,antsiranana,-12.2787,49.2917,83.52,61,4,16.24,MG,1698498350
400,cam ranh,11.9214,109.1591,82.36,89,20,10.36,VN,1698498351
401,fisterra,42.9049,-9.2629,63.75,90,100,36.26,ES,1698498352
402,ponta delgada,37.7333,-25.6667,67.19,88,75,14.97,PT,1698498069
403,kapuskasing,49.4169,-82.4331,24.89,80,75,14.97,CA,1698498354
404,ciudad melchor muzquiz,27.8833,-101.5167,69.51,89,11,5.95,MX,1698498356
405,turpan,42.9333,89.1667,62.76,34,29,3.33,CN,1698498356
406,reggane,26.7158,0.1714,97.9,12,26,5.12,DZ,1698498357
407,forster,-32.1667,152.5167,51.3,97,79,4.76,AU,1698498360
408,nova vicosa,-17.8919,-39.3719,80.31,75,100,6.69,BR,1698498361
409,happy valley-goose bay,53.3168,-60.3315,32.31,93,100,4.61,CA,1698498362
410,machico,32.7,-16.7667,75.7,75,20,5.75,PT,1698498364
411,chamonix-mont-blanc,45.9238,6.8693,58.03,64,55,6.98,FR,1698498365
412,lupane,-18.9315,27.807,100.54,8,0,7.02,ZW,1698498366
413,menongue,-14.6585,17.691,91.02,21,100,4.92,AO,1698498367
414,svetlyy,54.675,20.1347,39.36,74,100,4.18,RU,1698498368
415,roccella ionica,38.322,16.4009,74.75,49,100,13.27,IT,1698498369
416,jumla,29.2747,82.1838,50.25,90,80,1.23,NP,1698498315
417,urangan,-25.3,152.9,69.17,60,0,19.26,AU,1698498371
418,melekeok village,7.4957,134.6367,79.36,89,75,0.0,PW,1698498374
419,peace river,56.2501,-117.286,31.66,76,100,4.32,CA,1698498375
420,santa ana,33.7456,-117.8678,62.11,87,40,4.61,US,1698498139
421,caleta de carquin,-11.0925,-77.6267,67.1,84,100,8.95,PE,1698498377
422,howard springs,-12.497,131.047,85.91,81,27,8.41,AU,1698498380
423,okhotsk,59.3833,143.3,28.83,84,100,11.05,RU,1698498381
424,khandud,36.9513,72.318,42.78,43,94,1.54,AF,1698498382
425,anloga,5.7947,0.8973,83.62,70,9,8.46,GH,1698498295
426,peschiera del garda,45.4378,10.6891,70.54,55,0,3.44,IT,1698498385
427,mhamid,29.82,-5.72,85.42,18,51,8.88,MA,1698498386
428,ico,-6.4011,-38.8622,94.03,30,9,9.22,BR,1698498387
429,hefei,31.8639,117.2808,69.62,50,80,7.38,CN,1698498388
430,asino,56.9979,86.1452,24.4,88,100,8.05,RU,1698498389
431,bayville,40.9106,-73.5621,70.05,76,0,8.28,US,1698498389
432,tshikapa,-6.4167,20.8,90.37,48,66,1.43,CD,1698498391
433,newman,37.3138,-121.0208,44.29,59,100,4.43,US,1698498392
434,cabo san lucas,22.8909,-109.9124,73.51,77,0,8.05,MX,1698498393
435,nacala,-14.5428,40.6728,85.73,63,1,13.0,MZ,1698498294
436,midvagur,62.0511,-7.1939,45.43,65,75,12.66,FO,1698498394
437,madera,37.1666,-119.8343,53.08,65,81,2.95,US,1698498395
438,woolgoolga,-30.1106,153.2007,58.87,73,49,6.89,AU,1698498396
439,nouadhibou,20.931,-17.0347,82.38,54,0,9.22,MR,1698498212
440,zhumysker,49.3333,49.4,56.23,94,100,10.13,KZ,1698498398
441,mlowo,-9.0,32.9833,79.63,35,100,2.89,TZ,1698498398
442,saipan,15.1355,145.701,84.24,80,14,15.26,MP,1698498237
443,metlili chaamba,32.2667,3.6333,84.06,15,100,7.7,DZ,1698498400
444,yung shue wan,22.2333,114.1167,78.67,85,92,1.01,HK,1698498401
445,mirny,62.5353,113.9611,16.41,86,16,9.08,RU,1698498402
446,long beach,33.767,-118.1892,62.71,92,0,3.44,US,1698498403
447,takoradi,4.8845,-1.7554,82.83,71,33,7.58,GH,1698498408
448,sinabang,2.4803,96.3801,78.94,85,97,2.95,ID,1698498409
449,veliki preslav,43.1667,26.8167,78.13,38,79,5.41,BG,1698498410
450,yanam,16.7333,82.2167,78.42,76,8,4.23,IN,1698498411
451,porto novo,6.4965,2.6036,87.94,60,52,10.31,BJ,1698498412
452,lospalos,-8.5186,127.0025,72.32,93,12,4.74,TL,1698498413
453,pizzo,38.7384,16.1658,74.34,60,100,12.66,IT,1698498414
454,lodwar,3.1191,35.5973,89.92,38,59,12.39,KE,1698498419
455,karatas,36.582,35.3701,88.45,47,12,5.88,TR,1698498420
456,dwarka,22.2394,68.9678,83.82,57,100,8.01,IN,1698498421
457,ravar,31.2656,56.8055,75.22,31,0,8.5,IR,1698498423
458,goundam,16.4145,-3.6708,100.98,6,23,4.76,ML,1698498423
459,waddan,29.1614,16.139,88.0,14,100,4.36,LY,1698498425
460,tidjikja,18.5564,-11.4271,98.64,7,0,8.5,MR,1698498426
461,ujae,8.9322,165.7642,83.68,74,5,10.63,MH,1698498428
462,kurchum,48.5722,83.6542,34.05,33,21,4.99,KZ,1698498429
463,tsetserleg,47.475,101.4542,37.44,42,100,4.32,MN,1698498430
464,azul,-36.777,-59.8585,70.72,58,0,8.99,AR,1698498430
465,sibolga,1.7427,98.7792,78.04,90,52,1.12,ID,1698498431
466,strezhevoy,60.7333,77.5889,12.96,92,14,5.01,RU,1698498432
467,okeho,8.0333,3.35,89.42,48,8,3.4,NG,1698498433
468,tucuma,-0.1833,-50.05,90.48,49,0,8.39,BR,1698498434
469,rizokarpaso,35.6,34.375,76.41,62,5,7.09,CY,1698498436
470,cupira,-8.6167,-35.95,82.26,52,95,13.4,BR,1698498437
471,weno,7.4515,151.8468,80.55,89,100,0.0,FM,1698498439
472,byalynichy,53.9983,29.7126,37.49,97,100,13.24,BY,1698498440
473,mbanza-ngungu,-5.25,14.8667,88.07,46,98,4.09,CD,1698498442
474,namibe,-15.1961,12.1522,75.63,67,84,10.58,AO,1698498443
475,holualoa,19.6228,-155.9522,76.87,83,0,6.91,US,1698498445
476,bol,13.4586,14.7147,84.31,43,67,8.72,TD,1698498446
477,palikir - national government center,6.9248,158.1611,76.05,94,100,5.75,FM,1698498448
478,plettenberg bay,-34.0527,23.3716,59.4,70,26,16.28,ZA,1698498149
479,ibipora,-23.2692,-51.0481,74.12,88,100,6.91,BR,1698498449
480,vrontados,38.4089,26.1328,76.86,65,20,9.22,GR,1698498451
481,atasu,48.6814,71.6433,37.44,77,100,10.69,KZ,1698498452
482,arafat,21.3594,39.9664,95.54,29,8,12.12,SA,1698498453
483,gao,16.6362,1.637,98.55,7,79,5.75,ML,1698498454
484,swan hill,-35.3378,143.5544,58.39,28,1,6.02,AU,1698498455
485,nuuk,64.1835,-51.7216,25.41,80,20,3.44,GL,1698498456
486,viedma,-40.8135,-62.9967,68.61,27,100,23.4,AR,1698498458
487,kiunga,-6.1219,141.2906,75.24,89,100,2.55,PG,1698498459
488,srandakan,-7.9386,110.2506,79.2,80,79,4.81,ID,1698498460
489,haiku-pauwela,20.9219,-156.3051,75.04,83,100,5.01,US,1698498462
490,isiro,2.7739,27.616,77.85,75,100,1.28,CD,1698498463
491,santa terezinha,-29.9002,-50.0904,69.85,88,100,11.68,BR,1698498464
492,carbonear,47.7332,-53.2148,50.14,98,100,16.31,CA,1698498465
493,shenkursk,62.1091,42.896,27.63,65,100,9.17,RU,1698498466
494,komsomol'skiy,43.9783,46.6985,71.58,46,100,12.73,RU,1698498469
495,bikenibeu village,1.3673,173.1241,80.56,83,20,3.44,KI,1698498471
496,klyuchi,52.2667,79.1667,30.61,49,100,5.93,RU,1698498472
497,makokou,0.5738,12.8642,89.01,44,77,1.97,GA,1698498473
498,villa de san francisco,14.1667,-86.9667,71.08,96,64,4.45,HN,1698498474
499,burao,9.5221,45.5336,81.07,47,100,14.03,SO,1698498475
500,sarangani,5.4033,125.4636,82.15,76,100,6.44,PH,1698498477
501,puerto deseado,-47.7503,-65.8938,55.17,41,100,33.22,AR,1698498478
502,darwin,-12.4611,130.8418,85.98,72,0,11.5,AU,1698498479
503,lamu,-2.2717,40.902,83.52,68,56,11.27,KE,1698498480
504,reuleuet,5.2167,96.2833,80.64,79,100,1.05,ID,1698498481
505,olyokminsk,60.3736,120.4264,28.85,81,100,8.9,RU,1698498482
506,remire-montjoly,4.9167,-52.2667,89.64,62,40,9.22,GF,1698498483
507,shindand,33.3029,62.1474,77.94,22,10,7.23,AF,1698498484
508,abancay,-13.6339,-72.8814,66.78,63,100,4.29,PE,1698498485
509,birobidzhan,48.8,132.95,36.82,47,99,4.03,RU,1698498486
510,warmbad,-28.45,18.7333,79.09,14,0,12.93,NA,1698498487
511,vilcun,-38.65,-72.2333,47.57,98,100,16.98,CL,1698498487
512,nadym,65.5333,72.5167,15.04,95,40,9.6,RU,1698498490
513,kimbe,-5.5502,150.1429,75.94,93,45,3.83,PG,1698498491
514,achinsk,56.2694,90.4993,26.71,63,100,17.0,RU,1698498492
515,galliano,29.4422,-90.2992,75.2,78,0,3.44,US,1698498494
516,kapa'a,22.0752,-159.319,71.58,82,0,6.91,US,1698498495
517,santa ana de yacuma,-13.75,-65.4333,80.55,83,100,6.91,BO,1698498496
518,yeniseysk,58.4497,92.1703,26.94,70,100,14.0,RU,1698498496
519,nizhnyaya tavda,57.6731,66.1725,20.7,90,16,4.16,RU,1698498497
520,sumbawa besar,-8.5,117.4333,75.9,81,100,3.94,ID,1698498498
521,newport,51.5877,-2.9984,59.07,82,100,14.65,GB,1698498503
522,judenburg,47.1667,14.6667,53.02,66,20,2.3,AT,1698498505
523,cadale,2.7603,46.3222,83.66,70,100,9.24,SO,1698498507
524,konstantinovskiy,57.8301,39.5899,31.71,93,100,10.09,RU,1698498507
525,buguruslan,53.6554,52.442,33.85,99,100,6.6,RU,1698498509
526,san sebastian de la gomera,28.0916,-17.1133,79.16,61,0,6.91,ES,1698498511
527,vytegra,61.0064,36.4481,28.36,89,100,4.0,RU,1698498513
528,madimba,-10.4,40.3333,84.06,65,41,10.07,TZ,1698498515
529,lauro de freitas,-12.8944,-38.3272,84.22,70,40,18.41,BR,1698498516
530,xique xique,-10.8217,-42.7311,89.26,40,20,12.55,BR,1698498517
531,bahjoi,28.4,78.6167,77.27,34,100,3.4,IN,1698498519
532,karaj,35.8355,51.0103,73.63,18,0,11.5,IR,1698498520
533,kitimat,54.0524,-128.6534,34.38,58,2,1.41,CA,1698498521
534,urumqi,43.801,87.6005,47.35,57,0,2.24,CN,1698498525
535,walvis bay,-22.9575,14.5053,67.51,58,12,21.83,NA,1698498526
536,leava,-14.3,-178.1667,79.86,84,75,15.17,WF,1698498527
537,campbellton,48.0075,-66.6727,60.94,94,100,6.42,CA,1698498528
538,kyabe,9.4515,18.9449,94.57,38,7,2.93,TD,1698498530
539,baie-saint-paul,47.4411,-70.4986,67.06,93,100,8.01,CA,1698498531
540,reserva,-24.6503,-50.8506,67.68,94,100,5.46,BR,1698498533
541,copiapo,-27.3667,-70.3333,65.41,44,0,1.66,CL,1698498534
542,motygino,58.1831,94.7592,24.78,84,99,15.01,RU,1698498537
543,usinsk,65.9939,57.5281,10.08,91,16,3.0,RU,1698498538
544,karratha,-20.7377,116.8463,82.99,70,99,7.34,AU,1698498540
545,srikakulam,18.3,83.9,78.42,73,30,6.26,IN,1698498347
546,sittwe,20.15,92.9,79.99,77,6,9.51,MM,1698498542
547,los zacatones,22.95,-102.05,53.8,91,100,11.05,MX,1698498543
548,jirja,26.3383,31.8916,97.34,17,98,7.83,EG,1698498544
549,beipiao,41.7919,120.7792,49.26,29,8,3.44,CN,1698498545
550,ilheus,-14.7889,-39.0494,84.27,59,92,7.16,BR,1698498547
551,katsuren-haebaru,26.3369,127.8719,74.17,70,0,3.44,JP,1698498549
552,juliaca,-15.5,-70.1333,49.98,32,75,3.44,PE,1698498551
553,birjand,32.8663,59.2211,75.67,19,20,6.91,IR,1698498552
554,armacao de buzios,-22.7469,-41.8817,78.85,88,100,15.57,BR,1698498553
555,punta alta,-38.8759,-62.0736,76.06,28,100,9.06,AR,1698498554
556,ainaro,-8.9924,125.5082,67.12,85,76,3.31,TL,1698498555
557,murashi,59.3999,48.9615,26.71,57,100,10.16,RU,1698498556
558,novokayakent,42.3937,47.9861,66.47,70,88,9.4,RU,1698498557
559,jingdezhen,29.2947,117.2079,66.85,81,95,1.1,CN,1698498558
560,aqaba,29.5267,35.0078,94.86,21,75,11.5,JO,1698498494
561,abadan,30.3392,48.3043,89.55,20,0,6.91,IR,1698498559
562,yarega,63.4354,53.5765,20.88,89,99,5.55,RU,1698498560
563,shakawe,-18.3667,21.85,102.58,12,98,5.57,BW,1698498563
564,abashiri,44.0213,144.2697,48.34,92,100,6.89,JP,1698498469
565,shache,38.4167,77.2406,64.76,24,5,5.57,CN,1698498567
566,mount isa,-20.7333,139.5,83.97,10,5,10.36,AU,1698498568
567,redcar,54.6166,-1.06,55.53,87,82,5.01,GB,1698498569
